{"init_params": {"cat_dims": [], "cat_emb_dim": [], "cat_idxs": [], "clip_value": 1, "device_name": "auto", "epsilon": 1e-15, "gamma": 1.0, "grouped_features": [], "input_dim": 37, "lambda_sparse": 2.039967147993132e-06, "mask_type": "sparsemax", "momentum": 0.02, "n_a": 64, "n_d": 64, "n_indep_decoder": 1, "n_independent": 2, "n_shared": 2, "n_shared_decoder": 1, "n_steps": 1, "optimizer_params": {"lr": 0.1, "weight_decay": 1e-05}, "output_dim": 4, "scheduler_params": {"mode": "min", "patience": 10, "min_lr": 1e-05, "factor": 0.5}, "seed": 0, "verbose": 1}, "class_attrs": {"preds_mapper": {"0": 0, "1": 1, "2": 2, "3": 3}}}